{"width":1024,"imagePath":"mecha_2a_tex.png","height":512,"name":"mecha_2a","SubTexture":[{"width":90,"y":1,"height":77,"name":"mecha_3b/r_hand_03","x":923},{"width":109,"y":273,"height":76,"name":"mecha_3b/r_hand_02","x":747},{"width":112,"y":1,"height":86,"name":"mecha_3b/r_hand_01","x":585},{"width":110,"y":259,"height":62,"name":"mecha_3b/r_arm","x":858},{"width":103,"y":114,"height":116,"name":"mecha_3b/r_shoulder","x":543},{"width":176,"y":214,"height":251,"name":"mecha_3b/weapon_stored","x":185},{"width":155,"y":1,"height":111,"name":"mecha_3b/gun_stored","x":390},{"width":151,"y":1,"height":153,"name":"mecha_3b/Layer_5","x":237},{"width":91,"y":246,"height":61,"name":"mecha_3b/r_foot","x":648},{"width":84,"y":170,"height":101,"name":"mecha_3b/r_leg","x":747},{"width":75,"y":323,"height":72,"name":"mecha_3b/r_thigh","x":936},{"width":109,"y":1,"height":88,"name":"mecha_3b/Layer_12","x":699},{"width":91,"y":182,"height":62,"name":"mecha_3b/l_foot","x":648},{"width":87,"y":85,"height":100,"name":"mecha_3b/l_leg","x":920},{"width":70,"y":397,"height":77,"name":"mecha_3b/l_thigh","x":936},{"width":108,"y":85,"height":83,"name":"mecha_3b/l_hand_01","x":810},{"width":102,"y":232,"height":29,"name":"mecha_3b/cigar","x":543},{"width":234,"y":1,"height":211,"name":"mecha_3b/head","x":1},{"width":137,"y":275,"height":117,"name":"mecha_3b/jaw","x":363},{"width":178,"y":156,"height":117,"name":"mecha_3b/projectile","x":363},{"width":127,"y":394,"height":98,"name":"mecha_3b/l_shoulder","x":363},{"width":182,"y":214,"height":251,"name":"mecha_3b/weapon_hold","x":1},{"width":81,"y":275,"height":174,"name":"mecha_3b/gun_hold","x":502},{"width":101,"y":351,"height":74,"name":"mecha_3b/l_hand_04","x":833},{"width":97,"y":91,"height":89,"name":"mecha_3b/l_hand_03","x":648},{"width":111,"y":1,"height":82,"name":"mecha_3b/l_hand_02","x":810},{"width":109,"y":187,"height":70,"name":"mecha_3b/l_arm","x":833}]}