{"frameRate":30,"name":"mecha_2a","version":"5.5","compatibleVersion":"5.5","armature":[{"type":"Armature","frameRate":30,"name":"Armature","aabb":{"x":-121.37,"y":-468.92,"width":378.03,"height":516.18},"bone":[{"name":"root"},{"name":"bone_ikTarget1","parent":"root","transform":{"x":261.8528,"y":-71.3025,"scX":5,"scY":5}},{"length":63,"name":"PELVIS","parent":"root","transform":{"x":71.5852,"y":-126.0289,"skX":-92.3069,"skY":-92.3069}},{"name":"bone_ikTarget2","parent":"root","transform":{"x":-64.0188,"y":-159.3251,"scX":5,"scY":5}},{"name":"bone_ikTarget","parent":"root","transform":{"x":161.7071,"y":-169.3948,"scX":1.95,"scY":1.95}},{"name":"bone_ikTarget3","parent":"root","transform":{"x":64.0602,"y":-328.3303,"scX":5,"scY":5}},{"name":"bone_ikTarget4","parent":"root","transform":{"x":-12.571,"y":-20.0464,"skX":38.0352,"skY":38.0352,"scX":5,"scY":5}},{"name":"bone_ikTarget5","parent":"root","transform":{"x":106.5736,"y":-36.8913,"scX":4.6384,"scY":4.6384}},{"name":"bone_ikTarget11","parent":"root","transform":{"x":181.9254,"y":-4.326,"scX":2,"scY":2}},{"name":"bone_ikTarget12","parent":"root","transform":{"x":40.3736,"y":-5.6968,"scX":2,"scY":2}},{"name":"bone_ikTarget10","parent":"root","transform":{"x":-77.6593,"y":-466.4702,"scX":2,"scY":2}},{"name":"bone_ikTarget8","parent":"root","transform":{"x":310.123,"y":-304.98,"scX":2,"scY":2}},{"name":"l_hand","parent":"root","transform":{"x":-37.0567,"y":-92.7633}},{"name":"bone_ikTarget7","parent":"root","transform":{"x":211.5394,"y":-230.794,"scX":3,"scY":3}},{"name":"bone_ikTarget9","parent":"root","transform":{"x":153.7757,"y":-541.558,"scX":2,"scY":2}},{"length":54,"name":"L_THIGH","parent":"PELVIS","transform":{"x":8.6857,"y":-30.5251,"skX":158.7287,"skY":158.7287}},{"length":58,"name":"R_THIGH","parent":"PELVIS","transform":{"x":10.7934,"y":14.0458,"skX":144.8538,"skY":144.8538}},{"length":158,"name":"GUN_STORED","parent":"PELVIS","transform":{"x":82.2108,"y":-100.4723,"skX":115.7019,"skY":115.7019}},{"length":105,"name":"BODY","parent":"PELVIS","transform":{"x":63.3513,"skX":2.3069,"skY":2.3069}},{"length":86,"name":"L_SHOULDER","parent":"BODY","transform":{"x":76.8,"y":-54,"skX":-78.6835,"skY":-78.6835}},{"length":81,"name":"R_SHOULDER","parent":"BODY","transform":{"x":87.8738,"y":60.8344,"skX":-151.6322,"skY":-151.6322}},{"length":189,"name":"WEAPON_STORED","parent":"BODY","transform":{"x":29.25,"y":-19.95,"skX":-29.6302,"skY":-29.6302}},{"length":78,"name":"R_LEG","parent":"R_THIGH","transform":{"x":58.9531,"skX":61.9872,"skY":61.9872}},{"length":112,"name":"HEAD","parent":"BODY","transform":{"x":105.5,"skX":19.2469,"skY":19.2469}},{"length":72,"name":"L_LEG","parent":"L_THIGH","transform":{"x":54.4999,"skX":51.14,"skY":51.14,"scX":1.25}},{"length":120,"name":"JAW","parent":"HEAD","transform":{"x":12.5283,"y":-23.1222,"skX":108.3742,"skY":108.3742}},{"length":69,"name":"R_FOOT","parent":"R_LEG","transform":{"x":95.7789,"y":1.1719,"skX":-104.9499,"skY":-104.9499}},{"length":42,"name":"L_FOOT","parent":"L_LEG","transform":{"x":78.4559,"y":-0.7484,"skX":-109.06,"skY":-109.06,"scX":1.45}},{"length":80,"name":"R_ARM","parent":"R_SHOULDER","transform":{"x":81.7968,"skX":-45.6559,"skY":-45.6559}},{"length":77,"name":"L_ARM","parent":"L_SHOULDER","transform":{"x":85.8292,"y":-1.8252,"skX":-54.6775,"skY":-54.6775}},{"length":122,"name":"R_HAND","parent":"R_ARM","transform":{"x":89.0064,"y":5.007,"skX":-1.9605,"skY":-1.9605}},{"length":63,"name":"L_HAND","parent":"L_ARM","transform":{"x":77.8075,"skX":4.8819,"skY":4.8819}},{"length":117,"name":"CIGAR","parent":"JAW","transform":{"x":112.343,"y":-35.9857,"skX":-32.407,"skY":-32.407}},{"length":206,"name":"WEAPON","parent":"L_HAND","transform":{"x":38.8642,"y":-3.6316,"skX":-38.9027,"skY":-38.9027}}],"slot":[{"name":"r_hand_03","parent":"R_HAND"},{"name":"r_hand_02","parent":"R_HAND"},{"name":"r_hand_01","parent":"R_HAND"},{"name":"r_arm","parent":"R_ARM"},{"name":"r_shoulder","parent":"R_SHOULDER"},{"name":"weapon_stored","parent":"WEAPON_STORED"},{"name":"gun_stored","parent":"GUN_STORED"},{"name":"Layer_5","parent":"BODY"},{"name":"r_foot","parent":"R_FOOT"},{"name":"r_leg","parent":"R_LEG"},{"name":"r_thigh","parent":"R_THIGH"},{"name":"Layer_12","parent":"PELVIS"},{"name":"l_foot","parent":"L_FOOT"},{"name":"l_leg","parent":"L_LEG"},{"name":"l_thigh","parent":"L_THIGH"},{"name":"l_hand_01","parent":"L_HAND"},{"name":"cigar","parent":"CIGAR"},{"name":"head","parent":"HEAD"},{"name":"jaw","parent":"JAW"},{"displayIndex":-1,"name":"projectile","parent":"root"},{"name":"l_shoulder","parent":"L_SHOULDER"},{"name":"weapon_hold","parent":"WEAPON"},{"name":"gun_hold","parent":"WEAPON"},{"name":"l_hand_04","parent":"L_HAND"},{"name":"l_hand_03","parent":"L_HAND"},{"name":"l_hand_02","parent":"L_HAND"},{"name":"l_arm","parent":"L_ARM"}],"ik":[{"chain":1,"name":"bone_ik3","bone":"BODY","target":"bone_ikTarget3"},{"chain":1,"name":"bone_ik4","bone":"L_LEG","target":"bone_ikTarget4"},{"chain":1,"name":"bone_ik5","bone":"R_LEG","target":"bone_ikTarget5"},{"bendPositive":false,"chain":1,"name":"bone_ik2","bone":"L_ARM","target":"bone_ikTarget2"},{"bendPositive":false,"chain":1,"name":"bone_ik","bone":"R_ARM","target":"bone_ikTarget"},{"name":"bone_ik10","bone":"WEAPON_STORED","target":"bone_ikTarget10"},{"name":"bone_ik9","bone":"HEAD","target":"bone_ikTarget9"},{"name":"bone_ik7","bone":"JAW","target":"bone_ikTarget7"},{"name":"bone_ik11","bone":"R_FOOT","target":"bone_ikTarget11"},{"name":"bone_ik12","bone":"L_FOOT","target":"bone_ikTarget12"},{"name":"bone_ik1","bone":"R_HAND","target":"bone_ikTarget1"},{"name":"bone_ik6","bone":"L_HAND","target":"l_hand"},{"name":"bone_ik8","bone":"CIGAR","target":"bone_ikTarget8"}],"skin":[{"slot":[{"name":"r_hand_01","display":[{"name":"mecha_3b/r_hand_01","transform":{"x":17.27,"y":-7.1,"skX":3.19,"skY":3.19}}]},{"name":"head","display":[{"name":"mecha_3b/head","transform":{"x":76.85,"y":10.93,"skX":70.7,"skY":70.7}}]},{"name":"l_hand_01","display":[{"name":"mecha_3b/l_hand_01","transform":{"x":30.97,"y":-2.81,"skX":-163.77,"skY":-163.77}}]},{"name":"jaw","display":[{"name":"mecha_3b/jaw","transform":{"x":57.37,"y":-5.08,"skX":-37.04,"skY":-37.04}}]},{"name":"weapon_stored","display":[{"name":"mecha_3b/weapon_stored","transform":{"x":79.53,"y":10.26,"skX":119.63,"skY":119.63}}]},{"name":"r_hand_03","display":[{"name":"mecha_3b/r_hand_03","transform":{"x":6.26,"y":-7.21,"skX":3.19,"skY":3.19}}]},{"name":"Layer_5","display":[{"name":"mecha_3b/Layer_5","transform":{"x":44.45,"y":-1.85,"skX":90,"skY":90}}]},{"name":"projectile","display":[{"name":"mecha_3b/projectile","transform":{"x":70.5,"y":-572.5}}]},{"name":"l_hand_03","display":[{"name":"mecha_3b/l_hand_03","transform":{"x":25.57,"y":-7.5,"skX":-163.77,"skY":-163.77}}]},{"name":"l_thigh","display":[{"name":"mecha_3b/l_thigh","transform":{"x":26.72,"y":1.25,"skX":-66.42,"skY":-66.42}}]},{"name":"gun_hold","display":[{"name":"mecha_3b/gun_hold","transform":{"x":45.97,"y":-1.37,"skX":-124.87,"skY":-124.87}}]},{"name":"l_arm","display":[{"name":"mecha_3b/l_arm","transform":{"x":31.14,"y":0.01,"skX":-167.46,"skY":-167.46}}]},{"name":"l_leg","display":[{"name":"mecha_3b/l_leg","transform":{"x":29.6,"y":13.79,"skX":-123.12,"skY":-112.66,"scX":0.9607,"scY":0.8468}}]},{"name":"l_shoulder","display":[{"name":"mecha_3b/l_shoulder","transform":{"x":35.18,"y":-1.79,"skX":168.68,"skY":168.68}}]},{"name":"Layer_12","display":[{"name":"mecha_3b/Layer_12","transform":{"x":26.61,"y":-8.34,"skX":92.31,"skY":92.31}}]},{"name":"weapon_hold","display":[{"name":"mecha_3b/weapon_hold","transform":{"x":90.57,"y":2.29,"skX":-124.87,"skY":-124.87}}]},{"name":"r_shoulder","display":[{"name":"mecha_3b/r_shoulder","transform":{"x":25.63,"y":-3.64,"skX":-46.26,"skY":-46.26}}]},{"name":"l_hand_04","display":[{"name":"mecha_3b/l_hand_04","transform":{"x":25.95,"y":-1.66,"skX":-163.77,"skY":-163.77}}]},{"name":"r_arm","display":[{"name":"mecha_3b/r_arm","transform":{"x":33.32,"y":1.55,"skX":-0.61,"skY":-0.61}}]},{"name":"cigar","display":[{"name":"mecha_3b/cigar","transform":{"x":42,"y":-0.76,"skX":-1.78,"skY":-1.78}}]},{"name":"l_hand_02","display":[{"name":"mecha_3b/l_hand_02","transform":{"x":31.31,"y":-2.19,"skX":-163.77,"skY":-163.77}}]},{"name":"r_leg","display":[{"name":"mecha_3b/r_leg","transform":{"x":41.27,"y":9.03,"skX":-114.53,"skY":-114.53}}]},{"name":"r_thigh","display":[{"name":"mecha_3b/r_thigh","transform":{"x":34.07,"y":-0.53,"skX":-52.55,"skY":-52.55}}]},{"name":"r_hand_02","display":[{"name":"mecha_3b/r_hand_02","transform":{"x":15.94,"y":-10.18,"skX":3.19,"skY":3.19}}]},{"name":"l_foot","display":[{"name":"mecha_3b/l_foot","transform":{"x":13.6,"y":-12.12,"skX":-9.8,"skY":-5.22,"scX":0.664,"scY":0.8336}}]},{"name":"r_foot","display":[{"name":"mecha_3b/r_foot","transform":{"x":29.06,"y":-13.93,"skX":-9.67,"skY":-9.67}}]},{"name":"gun_stored","display":[{"name":"mecha_3b/gun_stored","transform":{"x":47.1,"y":-2.27,"skX":10.6,"skY":10.6,"scX":0.9871}}]}]}],"animation":[{"duration":30,"playTimes":0,"name":"idle","bone":[{"name":"bone_ikTarget1","translateFrame":[{"duration":15,"tweenEasing":0,"x":6.18,"y":-15.25},{"duration":15,"tweenEasing":0,"x":-2.06,"y":-5.63},{"duration":0,"x":6.18,"y":-15.25}]},{"name":"PELVIS","translateFrame":[{"duration":15,"tweenEasing":0,"y":12.71},{"duration":15,"tweenEasing":0,"y":0.76},{"duration":0,"y":12.71}]},{"name":"bone_ikTarget2","translateFrame":[{"duration":15,"tweenEasing":0},{"duration":15,"tweenEasing":0,"x":-11.13,"y":-1.79},{"duration":0}]},{"name":"bone_ikTarget","translateFrame":[{"duration":15,"tweenEasing":0,"x":-5.22,"y":20.75},{"duration":15,"tweenEasing":0,"x":0.27,"y":12.51},{"duration":0,"x":-5.22,"y":20.75}]},{"name":"bone_ikTarget8","translateFrame":[{"duration":15,"tweenEasing":0,"x":-3.3,"y":-10.72},{"duration":15,"tweenEasing":0,"x":-5.02,"y":5.36},{"duration":0,"x":-3.3,"y":-10.72}]},{"name":"bone_ikTarget7","translateFrame":[{"duration":15,"tweenEasing":0,"x":-1.24,"y":29.13},{"duration":15,"tweenEasing":0,"x":2.89,"y":15.12},{"duration":0,"x":-1.24,"y":29.13}]}],"slot":[{"name":"weapon_hold","displayFrame":[{"duration":30,"value":-1}]},{"name":"gun_hold","displayFrame":[{"duration":30,"value":-1}]}]},{"duration":30,"playTimes":0,"name":"idle_weapon","bone":[{"name":"bone_ikTarget1","translateFrame":[{"duration":30,"x":59.18,"y":-134.01}]},{"name":"PELVIS","translateFrame":[{"duration":15,"tweenEasing":0,"y":12.71},{"duration":15,"tweenEasing":0,"x":-9.61,"y":14.08},{"duration":0,"y":12.71}]},{"name":"bone_ikTarget2","translateFrame":[{"duration":30,"x":207.8,"y":-66.21}]},{"name":"bone_ikTarget","translateFrame":[{"duration":30,"x":106.05,"y":-45.73}]},{"name":"bone_ikTarget8","translateFrame":[{"duration":30,"x":-3.3,"y":-10.72}]},{"name":"l_hand","translateFrame":[{"duration":30,"x":262.03,"y":-78.38}]},{"name":"bone_ikTarget7","translateFrame":[{"duration":15,"tweenEasing":0,"x":-1.24,"y":29.13},{"duration":15,"tweenEasing":0,"x":-5.7,"y":43.27},{"duration":0,"x":-1.24,"y":29.13}]},{"name":"L_SHOULDER","translateFrame":[{"duration":15,"tweenEasing":0,"x":5.73,"y":-16.32},{"duration":15,"tweenEasing":0,"x":-3.14,"y":-16.23},{"duration":0,"x":5.73,"y":-16.32}]},{"name":"R_SHOULDER","translateFrame":[{"duration":30,"x":-28.96,"y":-6.53}]}],"slot":[{"name":"weapon_stored","displayFrame":[{"duration":30,"value":-1}]},{"name":"gun_hold","displayFrame":[{"duration":30,"value":-1}]}]},{"duration":30,"playTimes":0,"name":"idle_waking","bone":[{"name":"bone_ikTarget1","translateFrame":[{"duration":8,"tweenEasing":0,"x":6.18,"y":-15.25},{"duration":7,"tweenEasing":0,"x":-104.12,"y":-16.12},{"duration":8,"tweenEasing":0,"x":-200.64,"y":-16.88},{"duration":7,"tweenEasing":0,"x":-90.33,"y":-16.01},{"duration":0,"x":6.18,"y":-15.25}]},{"name":"PELVIS","translateFrame":[{"duration":8,"tweenEasing":0,"x":-2.49,"y":-8.35},{"duration":7,"tweenEasing":0,"x":-4.78,"y":-25.88},{"duration":8,"tweenEasing":0,"x":-2.49,"y":-8.35},{"duration":7,"tweenEasing":0,"x":-4.26,"y":-32.77},{"duration":0,"x":-2.49,"y":-8.35}]},{"name":"bone_ikTarget2","translateFrame":[{"duration":8,"tweenEasing":0},{"duration":7,"tweenEasing":0,"x":89.01,"y":-2.2},{"duration":8,"tweenEasing":0,"x":166.9,"y":-4.12},{"duration":7,"tweenEasing":0,"x":77.89,"y":-1.92},{"duration":0}]},{"name":"bone_ikTarget","translateFrame":[{"duration":8,"tweenEasing":0,"x":-5.22,"y":20.75},{"duration":7,"tweenEasing":0,"x":-62.5,"y":9.59},{"duration":8,"tweenEasing":0,"x":-112.62,"y":-0.18},{"duration":7,"tweenEasing":0,"x":-55.34,"y":10.98},{"duration":0,"x":-5.22,"y":20.75}]},{"name":"bone_ikTarget4","translateFrame":[{"duration":8,"tweenEasing":0,"x":131.5,"y":-11.56},{"duration":7,"tweenEasing":0,"x":56.69,"y":-9.64},{"duration":8,"tweenEasing":0,"x":-8.76,"y":-7.97},{"duration":7,"tweenEasing":0,"x":35.17,"y":-51.65},{"duration":0,"x":131.5,"y":-11.56}]},{"name":"bone_ikTarget5","translateFrame":[{"duration":8,"tweenEasing":0,"x":-109.62,"y":-27.2},{"duration":7,"tweenEasing":0,"x":-42.28,"y":-51.61},{"duration":8,"tweenEasing":0,"x":39.31,"y":3.55},{"duration":7,"tweenEasing":0,"x":-56.05,"y":3.04},{"duration":0,"x":-109.62,"y":-27.2}]},{"name":"bone_ikTarget11","translateFrame":[{"duration":8,"tweenEasing":0,"x":-131.12,"y":35.02},{"duration":7,"tweenEasing":0,"x":-86,"y":-26.74},{"duration":2,"tweenEasing":0,"x":32.97,"y":-25.8},{"duration":6,"tweenEasing":0,"x":11.65,"y":-0.09},{"duration":7,"tweenEasing":0,"x":-37,"y":3.52},{"duration":0,"x":-131.12,"y":35.02}]},{"name":"bone_ikTarget12","translateFrame":[{"duration":2,"tweenEasing":0,"x":159.09,"y":-49.17},{"duration":6,"tweenEasing":0,"x":147.05,"y":-10.55},{"duration":7,"tweenEasing":0,"x":87.47,"y":1.1},{"duration":8,"tweenEasing":0,"x":22.65,"y":16.47},{"duration":7,"tweenEasing":0,"x":40.69,"y":8.06},{"duration":0,"x":159.09,"y":-49.17}]},{"name":"bone_ikTarget8","translateFrame":[{"duration":8,"tweenEasing":0,"x":-3.3,"y":-10.72},{"duration":7,"tweenEasing":0,"x":-0.81,"y":23.19},{"duration":15,"x":-3.3,"y":-10.72}]},{"name":"l_hand","translateFrame":[{"duration":8,"tweenEasing":0},{"duration":7,"tweenEasing":0,"x":94.45,"y":-30.33},{"duration":8,"tweenEasing":0,"x":177.1,"y":-56.86},{"duration":7,"tweenEasing":0,"x":82.64,"y":-26.54},{"duration":0}]},{"name":"bone_ikTarget7","translateFrame":[{"duration":8,"tweenEasing":0,"x":-1.24,"y":29.13},{"duration":7,"tweenEasing":0,"x":-53.04,"y":2.78},{"duration":15,"x":-1.24,"y":29.13}]},{"name":"R_THIGH","translateFrame":[{"duration":8,"tweenEasing":0,"x":-3.89,"y":-33.31},{"duration":7,"tweenEasing":0,"x":-3.98,"y":-21.39},{"duration":8,"tweenEasing":0,"x":-4.06,"y":-10.97},{"duration":7,"tweenEasing":0,"x":-3.97,"y":-22.88},{"duration":0,"x":-3.89,"y":-33.31}]},{"name":"R_FOOT","translateFrame":[{"duration":8,"tweenEasing":0},{"duration":7,"tweenEasing":0,"x":0.89,"y":0.87},{"duration":8,"tweenEasing":0,"x":1.66,"y":1.64},{"duration":7,"tweenEasing":0,"x":0.78,"y":0.76},{"duration":0}]}],"slot":[{"name":"weapon_hold","displayFrame":[{"duration":30,"value":-1}]},{"name":"gun_hold","displayFrame":[{"duration":30,"value":-1}]}]},{"duration":30,"playTimes":0,"name":"idle_run","bone":[{"name":"root","translateFrame":[{"duration":30,"x":-1.96,"y":-23.54}]},{"name":"bone_ikTarget1","translateFrame":[{"duration":8,"tweenEasing":0,"x":-285.57,"y":-44.09},{"duration":3,"tweenEasing":0,"x":-27.75,"y":19.44},{"duration":4,"tweenEasing":0,"x":-24.09,"y":-76.86},{"duration":7,"tweenEasing":0,"x":-19.21,"y":-205.26},{"duration":4,"tweenEasing":0,"x":-99.54,"y":-25.8},{"duration":4,"tweenEasing":0,"x":-214.54,"y":-87.07},{"duration":0,"x":-285.57,"y":-44.09}]},{"name":"PELVIS","translateFrame":[{"duration":8,"tweenEasing":0,"x":-9.18,"y":12.71},{"duration":3,"tweenEasing":0,"x":-8.32,"y":33.8},{"duration":4,"tweenEasing":0,"x":-8.01,"y":29.24},{"duration":7,"tweenEasing":0,"x":-9.18,"y":12.71},{"duration":4,"tweenEasing":0,"x":-9.46,"y":25.07},{"duration":4,"tweenEasing":0,"x":-9.05,"y":30.66},{"duration":0,"x":-9.18,"y":12.71}]},{"name":"bone_ikTarget2","translateFrame":[{"duration":8,"tweenEasing":0,"x":244.02,"y":-62.33},{"duration":3,"tweenEasing":0,"x":71.53,"y":37.98},{"duration":4,"tweenEasing":0,"x":31.33,"y":8.51},{"duration":7,"tweenEasing":0,"x":-22.28,"y":-30.78},{"duration":4,"tweenEasing":0,"x":102,"y":-45.51},{"duration":4,"tweenEasing":0,"x":173.01,"y":-53.92},{"duration":0,"x":244.02,"y":-62.33}]},{"name":"bone_ikTarget","translateFrame":[{"duration":8,"tweenEasing":0,"x":-163.94,"y":-0.82},{"duration":3,"tweenEasing":0,"x":-59.96,"y":33.07},{"duration":4,"tweenEasing":0,"x":-13.65,"y":-12.83},{"duration":7,"tweenEasing":0,"x":48.09,"y":-74.02},{"duration":4,"tweenEasing":0,"x":-64.8,"y":19.03},{"duration":4,"tweenEasing":0,"x":-107.4,"y":-20.34},{"duration":0,"x":-163.94,"y":-0.82}]},{"name":"bone_ikTarget3","translateFrame":[{"duration":30,"x":-0.73,"y":-17.3}]},{"name":"bone_ikTarget4","translateFrame":[{"duration":8,"tweenEasing":0,"x":-70.67,"y":-51.25},{"duration":3,"tweenEasing":0,"x":-10.61,"y":-28.94},{"duration":4,"tweenEasing":0,"x":58.02,"y":-0.39},{"duration":7,"tweenEasing":0,"x":158.72,"y":-16.35},{"duration":4,"tweenEasing":0,"x":58.31,"y":19.03},{"duration":4,"tweenEasing":0,"x":-16.47,"y":19.86},{"duration":0,"x":-70.67,"y":-51.25}]},{"name":"bone_ikTarget5","translateFrame":[{"duration":8,"tweenEasing":0,"x":55.07,"y":-29.95},{"duration":3,"tweenEasing":0,"x":-74.99,"y":29.41},{"duration":4,"tweenEasing":0,"x":-114.32,"y":31.72},{"duration":7,"tweenEasing":0,"x":-157.17,"y":-67.14},{"duration":4,"tweenEasing":0,"x":-45.67,"y":-18.42},{"duration":4,"tweenEasing":0,"x":-10.75,"y":1},{"duration":0,"x":55.07,"y":-29.95}]},{"name":"bone_ikTarget11","translateFrame":[{"duration":5,"tweenEasing":0,"x":105.57,"y":-100.93},{"duration":3,"tweenEasing":0,"x":-0.37,"y":36.11},{"duration":3,"tweenEasing":0,"x":-63.94,"y":33.23},{"duration":4,"tweenEasing":0,"x":-149.07,"y":20.73},{"duration":7,"tweenEasing":0,"x":-320.41,"y":-14.76},{"duration":4,"tweenEasing":0,"x":-103.09,"y":35.1},{"duration":4,"tweenEasing":0,"x":-8.97,"y":-22.62},{"duration":0,"x":105.57,"y":-100.93}]},{"name":"bone_ikTarget12","translateFrame":[{"duration":8,"tweenEasing":0,"x":-165.2,"y":-1.93},{"duration":3,"tweenEasing":0,"x":-98.64,"y":17.98},{"duration":4,"tweenEasing":0,"x":50.13,"y":4.37},{"duration":7,"tweenEasing":0,"x":151.59,"y":-66.93},{"duration":4,"tweenEasing":0,"x":95.56,"y":28.05},{"duration":4,"tweenEasing":0,"x":46.68,"y":46.69},{"duration":0,"x":-165.2,"y":-1.93}]},{"name":"bone_ikTarget10","translateFrame":[{"duration":30,"x":21.66,"y":20.01}]},{"name":"bone_ikTarget8","translateFrame":[{"duration":8,"tweenEasing":0,"x":-3.3,"y":-10.72},{"duration":3,"tweenEasing":0,"x":-6.13,"y":-33.41},{"duration":19,"x":-3.3,"y":-10.72}]},{"name":"l_hand","translateFrame":[{"duration":8,"tweenEasing":0,"x":325.51,"y":-186.36},{"duration":3,"tweenEasing":0,"x":111.73,"y":-8.46},{"duration":4,"tweenEasing":0,"x":31.26,"y":6.66},{"duration":7,"tweenEasing":0,"x":-76.02,"y":26.83},{"duration":4,"tweenEasing":0,"x":111.36,"y":-72.66},{"duration":4,"tweenEasing":0,"x":218.44,"y":-129.51},{"duration":0,"x":325.51,"y":-186.36}]},{"name":"bone_ikTarget7","translateFrame":[{"duration":8,"tweenEasing":0,"x":9.15,"y":-5.64},{"duration":3,"tweenEasing":0,"x":-11.38,"y":-3.79},{"duration":4,"tweenEasing":0,"x":-19.08,"y":-3.1},{"duration":7,"tweenEasing":0,"x":-29.35,"y":-2.17},{"duration":4,"tweenEasing":0,"x":-11.38,"y":-3.79},{"duration":4,"tweenEasing":0,"x":-1.12,"y":-4.72},{"duration":0,"x":9.15,"y":-5.64}]},{"name":"L_THIGH","translateFrame":[{"duration":8,"tweenEasing":0},{"duration":3,"tweenEasing":0,"x":-3.34,"y":7.62},{"duration":4,"tweenEasing":0,"x":-4.59,"y":10.48},{"duration":7,"tweenEasing":0,"x":-6.25,"y":14.29},{"duration":4,"tweenEasing":0,"x":-3.34,"y":7.62},{"duration":4,"tweenEasing":0,"x":-1.67,"y":3.81},{"duration":0}]},{"name":"R_THIGH","translateFrame":[{"duration":8,"tweenEasing":0},{"duration":3,"tweenEasing":0,"x":0.98,"y":-14.78},{"duration":4,"tweenEasing":0,"x":1.35,"y":-20.32},{"duration":7,"tweenEasing":0,"x":1.85,"y":-27.71},{"duration":4,"tweenEasing":0,"x":0.98,"y":-14.78},{"duration":4,"tweenEasing":0,"x":0.49,"y":-7.39},{"duration":0}]},{"name":"BODY","translateFrame":[{"duration":30,"x":-0.05,"y":1.33}]},{"name":"L_SHOULDER","translateFrame":[{"duration":8,"tweenEasing":0,"x":11.06,"y":19.62},{"duration":3,"tweenEasing":0,"x":16.42,"y":13.54},{"duration":4,"tweenEasing":0,"x":18.43,"y":11.27},{"duration":7,"tweenEasing":0,"x":21.11,"y":8.23},{"duration":4,"tweenEasing":0,"x":16.42,"y":13.54},{"duration":4,"tweenEasing":0,"x":13.74,"y":16.58},{"duration":0,"x":11.06,"y":19.62}]},{"name":"R_SHOULDER","translateFrame":[{"duration":30,"x":3.31,"y":-29.73}]},{"name":"WEAPON_STORED","translateFrame":[{"duration":30,"x":-22.74,"y":3.67}]},{"name":"HEAD","translateFrame":[{"duration":30,"x":-3.9,"y":5.24}]},{"name":"JAW","translateFrame":[{"duration":30,"x":0.86,"y":9.93}]}],"slot":[{"name":"weapon_hold","displayFrame":[{"duration":30,"value":-1}]},{"name":"gun_hold","displayFrame":[{"duration":30,"value":-1}]}]}],"defaultActions":[{"gotoAndPlay":"idle_weapon"}]}]}