{"width":1378,"imagePath":"Mercenary_Penguin_tex.png","height":1006,"name":"Mercenary_Penguin","SubTexture":[{"width":133,"y":427,"height":271,"name":"L-Arm","x":749},{"width":100,"y":523,"height":171,"name":"L-Hand_2","x":1106},{"width":100,"y":547,"height":244,"name":"L-Hand_1","x":884},{"width":245,"y":931,"height":73,"name":"L-Paw","x":1131},{"width":174,"y":793,"height":136,"name":"Tail","x":884},{"width":118,"y":567,"height":194,"name":"Magazine","x":986},{"width":421,"y":1,"height":794,"name":"Body","x":1},{"width":245,"y":931,"height":73,"name":"R-Paw","x":884},{"width":123,"y":301,"height":54,"name":"Eyes_2","x":749},{"width":159,"y":1,"height":70,"name":"Eyes_1","x":1101},{"width":265,"y":165,"height":134,"name":"Beack_1","x":749},{"width":263,"y":1,"height":135,"name":"Beak_2","x":836},{"width":602,"y":797,"height":188,"name":"Gun","x":1},{"width":133,"y":700,"height":270,"name":"R-Arm","x":749},{"width":64,"y":774,"height":89,"name":"L-Hand_3","x":605},{"frameHeight":707,"y":165,"frameX":-11,"width":67,"frameY":-6,"height":691,"name":"bat","frameWidth":88,"x":680},{"width":100,"y":330,"height":235,"name":"R-Hand_2","x":986},{"frameHeight":210,"y":330,"frameX":-8,"width":102,"frameY":-9,"height":191,"name":"R-Hand_3","frameWidth":120,"x":1088},{"width":100,"y":301,"height":244,"name":"R-Hand_1","x":884},{"width":74,"y":774,"height":18,"name":"Trigger","x":424},{"frameHeight":16,"y":774,"frameX":0,"width":51,"frameY":0,"height":16,"name":"Shell","frameWidth":58,"x":500},{"frameHeight":169,"y":1,"frameX":0,"width":410,"frameY":-3,"height":162,"name":"Gunshot","frameWidth":412,"x":424},{"width":211,"y":687,"height":85,"name":"Bullet","x":424},{"width":254,"y":165,"height":260,"name":"impact_3","x":424},{"frameHeight":260,"y":427,"frameX":0,"width":250,"frameY":-1,"height":258,"name":"impact_2","frameWidth":254,"x":424},{"frameHeight":260,"y":138,"frameX":-32,"width":184,"frameY":-44,"height":190,"name":"impact_1","frameWidth":254,"x":1016}]}